d13C,d15N,Pond,Status
-28.56874,3.9999037,Swanny,Elodea
-28.1018465,0.2308074,Swanny,Elodea
