d13C,d15N,Pond,Status
-34.97663,0.774126,Pinch,Native
-34.4702,-0.01597,Pinch,Native
-32.66375,0.603704,Pinch,Native
-29.04794,-0.059552,Pinch,Native
