d13C,d15N,Pond,Status
-33.31041,1.7524894,Pinch,Native
-31.400315,1.9168385,Pinch,Native
-30.773537,1.8399058,Pinch,Native
-29.21253,0.5284645,Pinch,Native
