d13C,d15N,Pond,Status
-32.6237891,2.241805,Pinch,Native
-30.94106,1.9901342,Pinch,Native
