d13C,d15N,Pond,Status
-22.154354,-2.6435095,Wigeon,Elodea
-20.5844525,0.5005353,Wigeon,Elodea
