d13C,d15N,Pond,Status
-30.717496,6.8533398,Wigeon,Elodea
-26.336702,11.2302032,Wigeon,Elodea
-25.947003,9.52621,Wigeon,Elodea
