d13C,d15N,Pond,Status
-26.73574,3.1736315,WCW,Elodea
-27.81676,4.37837,WCW,Elodea
