d13C,d15N,Pond,Status
-30.4138295,1.7388737,WCW,Elodea
-29.811689,1.9928443,WCW,Elodea
-27.5362,0.5266515,WCW,Elodea
