d13C,d15N,Pond,Status
-29.93139,2.1284509,WCW,Elodea
-28.33604,2.1451603,WCW,Elodea
