d13C,d15N,Pond,Status
-30.020615,-0.2724993,WCW,Elodea
-29.84857,1.6503764,WCW,Elodea
-28.74932,1.1475115,WCW,Elodea
