d13C,d15N,Pond,Status
-30.2902,4.220557,WCW,Elodea
-30.1929,3.17493,WCW,Elodea
-28.4425,5.096413,WCW,Elodea
