d13C,d15N,Pond,Status
-30.80006,2.4719219,WCW,Elodea
-30.60779,2.4904879,WCW,Elodea
